pond_id,date,ph_mean,ph_std,ph_max,ph_min,turbidity_mean,turbidity_std,turbidity_max,turbidity_min,mq135_mean,mq135_std,mq135_max,mq135_min,mq137_mean,mq137_std,mq137_max,mq137_min,temp_deep_mean,temp_deep_std,temp_deep_max,temp_deep_min,temp_shallow_mean,temp_shallow_std,temp_shallow_max,temp_shallow_min,hardness_mean,hardness_std,hardness_max,hardness_min,rgb_r_mean,rgb_r_std,rgb_r_max,rgb_r_min,rgb_g_mean,rgb_g_std,rgb_g_max,rgb_g_min,rgb_b_mean,rgb_b_std,rgb_b_max,rgb_b_min,vertical_temp_diff_mean,vertical_temp_diff_std,vertical_temp_diff_max,vertical_temp_diff_min,rgb_brightness_mean,rgb_brightness_std,rgb_brightness_max,rgb_brightness_min,ph_range,death_count,feeding_amount,medication_given,death_count_lag1,feeding_amount_lag1,mq137_mean_roll3,ph_range_roll3
1,2025-10-20,9.750331302361005,0.7836530845109899,11.63,0.92,1886.2467631378522,206.3099712268263,3945.0,0.0,166.9097486671744,525.2506085254507,4095.0,0.0,420.006854531607,48.2519809674504,644.0,208.0,26.585380807311502,0.7018668627494954,27.56,24.5,26.43958111195735,0.7290176401871555,27.44,23.12,129.94696115765421,55.804189059859866,2555.68,0.0,81.4047981721249,46.67948952894685,148.0,9.0,88.84653465346534,43.3534011560376,195.0,13.0,82.23343488194973,44.817292174709465,159.0,8.0,-0.14579969535415094,0.16418244281722363,0.0,-3.3200000000000003,252.48476770754,134.35821613909317,484.0,30.0,10.71,9.0,20.0,1.0,,,420.006854531607,10.71
1,2025-10-21,9.138231707317074,0.28397732738293047,10.3,7.39,1897.7191535150646,189.09755381090085,2828.0,0.0,73.94261119081779,19.411274210722617,111.0,0.0,336.80308464849355,40.54251266441056,419.0,147.0,24.439479913916788,0.5400294168239558,25.44,23.25,24.28747130559541,0.5449666849728788,25.25,23.06,1524.384637733142,11860.307410329775,183655.96,134.47,86.5706599713056,42.53119364323328,148.0,34.0,89.48816355810617,43.52104444330053,150.0,36.0,83.63414634146342,45.124517076189,168.0,28.0,-0.152008608321377,0.0429298030730521,0.0,-0.26000000000000156,259.6929698708752,131.11262600101404,463.0,98.0,2.910000000000001,,,,9.0,20.0,378.4049695900503,6.8100000000000005
1,2025-10-22,9.355560093348892,0.3009813801402288,10.64,5.49,1874.6995332555425,255.01557964337104,3780.0,0.0,127.86872812135356,27.331113458622458,190.0,0.0,312.46849474912483,34.98792051343318,404.0,134.0,24.32119019836639,0.7320328802501009,25.25,22.25,24.190326721120186,0.7558145175635508,25.12,22.0,-6332.220385064177,42897.771760531,236135.9,-347964.1,88.70361726954492,36.662097875731185,154.0,22.0,92.67619603267211,38.73932287075512,245.0,42.0,84.59043173862311,38.34260769871411,183.0,29.0,-0.13086347724620775,0.0603043557808117,0.060000000000002274,-0.7600000000000016,265.97024504084015,113.4757084890981,547.0,93.0,5.15,1.0,21.0,1.0,,,356.42614464307513,6.256666666666668
1,2025-10-23,9.026909090909092,0.23066628714863446,9.9,8.67,1809.7454545454545,60.62673233319323,1916.0,1685.0,149.29090909090908,34.354186076955756,216.0,0.0,293.25454545454545,19.406201931358787,332.0,219.0,23.179636363636366,0.07239203036665161,23.25,23.0,23.025636363636366,0.08084653125621355,23.12,22.87,-27743.043636363644,218507.81772017453,215704.68,-336826.64,73.47272727272727,33.80984655253147,129.0,20.0,79.2909090909091,35.69867345147836,135.0,38.0,69.69090909090909,36.77905640305349,129.0,27.0,-0.1540000000000001,0.03562146668638036,-0.05999999999999872,-0.25,222.45454545454547,104.79624289664456,392.0,85.0,1.2300000000000004,,,,1.0,21.0,314.1753749507213,3.0966666666666676
1,2025-10-26,8.80518102372035,0.2510149366859465,9.88,7.83,1842.2784019975031,53.55108444693921,2410.0,1599.0,291.5792759051186,95.19249718320766,942.0,122.0,454.2958801498127,262.44526304642187,1789.0,149.0,25.68863920099875,0.7058999723129088,27.06,24.62,25.515955056179774,0.71457723024005,26.94,22.12,0.0,0.0,0.0,0.0,53.72284644194757,29.479197578761266,175.0,18.0,57.75530586766542,31.86165485246455,238.0,27.0,50.8876404494382,31.53180710886325,236.0,24.0,-0.17268414481897612,0.22028484142309745,0.8099999999999987,-4.759999999999998,162.36579275905117,92.28946190330727,649.0,69.0,2.0500000000000007,,,,,,353.3396401178277,2.8100000000000005
1,2025-10-27,8.751247765462997,0.3183551168676585,10.26,6.85,1826.7826242402575,149.3826732252464,2601.0,1406.0,262.4326063639614,34.24839076187545,398.0,55.0,277.760815159099,42.21834630143946,414.0,83.0,24.303578834465497,0.4619542659964283,25.19,23.56,24.159059706828746,0.4731395411543741,25.06,23.37,105.9102288165892,159.1995199542613,603.39,0.0,84.2824454772971,41.77375737783737,157.0,35.0,87.35502323918485,41.95619207722152,192.0,37.0,82.17697533071147,44.02935601056465,155.0,31.0,-0.14451912763675356,0.05175627316677902,0.060000000000002274,-0.3100000000000023,253.81444404719343,127.61640692454327,470.0,104.0,3.41,3.0,21.0,1.0,,,341.77041358781906,2.2300000000000004
1,2025-10-28,8.60953637660485,0.2880033231127789,9.66,1.56,1651.5684736091298,85.85233997191919,2149.0,1236.0,271.4358059914408,28.29719352310031,317.0,83.0,311.9604136947218,38.354788007267864,372.0,89.0,24.03752496433666,0.42209035189543176,24.88,23.44,23.907806704707564,0.43868564889837386,24.75,23.31,696.3263873038517,543.0802227593122,2763.87,177.95,83.65299572039943,41.06943280202405,165.0,35.0,86.13445078459344,42.182427961212554,168.0,35.0,80.2706847360913,44.74089814215052,163.0,26.0,-0.1297182596291011,0.05391579640580026,0.19000000000000128,-0.26000000000000156,250.05813124108417,127.93551812508338,496.0,97.0,8.1,2.0,22.0,1.0,3.0,21.0,348.0057030012112,4.5200000000000005
1,2025-10-29,8.767929993964996,0.2968831646518235,9.89,7.98,1553.8436934218466,168.84679638689815,2108.0,1082.0,319.3693421846711,57.60187343147621,421.0,88.0,332.9215449607725,44.09043051856214,428.0,155.0,25.043397706698855,1.1846203378100755,26.62,23.19,24.925045262522634,1.2058632478299407,26.5,23.06,12453.688213639107,51053.90316472609,317079.5,99.32,76.81170790585395,44.496113742713355,143.0,14.0,79.56366928183463,45.20229311075124,148.0,28.0,73.08026554013277,47.62835648006603,144.0,23.0,-0.11835244417622207,0.07065173726543361,0.3100000000000023,-0.3200000000000003,229.45564272782136,137.25835373533081,431.0,65.0,1.9100000000000001,2.0,22.0,1.0,2.0,22.0,307.5475912715311,4.473333333333334
1,2025-10-30,8.764609277058085,0.3385856499301901,10.06,7.44,1284.4187212703719,149.09984427359794,1814.0,876.0,304.6652737150021,32.70260289164574,368.0,112.0,356.01964061847053,54.4181908650773,474.0,160.0,26.35952361053071,0.9484402035874152,27.88,25.0,26.241341412452986,0.9662687679768089,27.81,24.87,141.03596740493106,39.86048478004602,219.65,73.17,88.27747597158378,46.136683273284746,151.0,20.0,91.58462181362307,46.62727176709592,153.0,19.0,86.65608023401587,48.33316110485848,168.0,19.0,-0.1181821980777268,0.05276308727331303,0.060000000000002274,-0.26000000000000156,266.5181780192227,141.0495084031109,472.0,58.0,2.62,6.0,22.0,1.0,2.0,22.0,333.63386642465497,4.21
1,2025-10-31,8.870094268476622,0.3645113596084785,10.28,0.0,1266.6199095022625,200.52938319043844,2030.0,463.0,283.577677224736,32.414196274783954,334.0,99.0,338.6470588235294,37.48900830766834,403.0,137.0,26.119958521870288,0.7951871674314268,27.5,24.44,25.98802790346908,0.8239363674819878,27.44,24.25,148.20222096530918,43.079880312594376,303.62,73.5,84.18401206636501,46.19122914564535,148.0,20.0,87.2944947209653,46.710780552782616,150.0,36.0,82.67684766214178,47.5922898163236,152.0,25.0,-0.13193061840120662,0.05911300621908172,0.060000000000002274,-0.3200000000000003,254.1553544494721,140.46176205290462,443.0,82.0,10.28,3.0,22.0,1.0,6.0,22.0,342.52941480092414,4.9366666666666665
1,2025-11-01,8.776296296296296,0.2695417743367113,10.22,7.35,1104.1413667188315,180.6884807680466,2302.0,721.0,275.85758998435057,41.0992746512761,362.0,77.0,302.7782994261868,42.1426817475196,402.0,51.0,24.703521126760563,0.8996208701546899,26.31,23.31,24.565571205007824,0.9199539051748409,26.18,23.06,879.1782629107981,5840.655247031197,246184.98,102.87,64.04068857589985,39.77589115096459,143.0,32.0,66.73813249869588,40.486566643228024,186.0,34.0,61.48095983307251,41.44888037397022,146.0,23.0,-0.13794992175273865,0.055741552401578305,0.060000000000002274,-0.3200000000000003,192.25978090766824,121.59429064854791,436.0,96.0,2.870000000000001,,,,3.0,22.0,332.48166628939555,5.256666666666667
1,2025-11-02,8.753128258602711,0.2947560020095318,10.04,7.8,1017.2808481056657,130.58931244132492,1421.0,201.0,267.48070907194995,35.549286925167245,307.0,10.0,292.7740702120264,41.160314251424545,386.0,44.0,24.790319777546056,0.5050389021647866,25.75,23.5,24.6671254779284,0.5218845330352816,25.68,23.37,252.034212721585,132.44488558192302,1279.25,112.24,77.03823427181091,48.788571254538134,144.0,22.0,85.02259297879736,45.14629877713258,146.0,35.0,80.30935001737922,45.46915336443932,144.0,32.0,-0.12319429961765738,0.053839845137025645,0.19000000000000128,-0.26000000000000156,242.3701772679875,139.09776177223378,431.0,94.0,2.2399999999999993,2.0,23.0,1.0,,,311.3998094872475,5.13
1,2025-11-03,8.58703125,0.22506056988618284,9.6,7.39,866.4036458333334,161.21294834014338,2436.0,579.0,262.578125,35.06575904742118,422.0,73.0,273.734375,33.333934530044054,421.0,87.0,23.405859375000002,0.34530765941517155,25.5,23.19,23.238125,0.3155146237605938,25.37,21.5,31158.56440104167,70323.18829193793,272556.7,0.0,30.205729166666668,16.798043790422245,131.0,24.0,49.453125,14.572153802684287,135.0,42.0,43.994791666666664,14.158556591710234,129.0,37.0,-0.167734375,0.31428118036184477,-0.05999999999999872,-3.879999999999999,123.65364583333333,45.41347423425866,395.0,103.0,2.21,,,,2.0,23.0,289.7622482127377,2.44
1,2025-11-04,8.834679089026915,0.28776132026255713,9.98,7.79,1231.9497929606625,272.8774896454699,1889.0,645.0,415.05900621118013,30.306797159400695,465.0,260.0,316.62784679089026,27.90278141494384,368.0,167.0,24.942189440993786,0.790051043806726,26.0,23.06,24.867060041407868,0.7869176641608776,26.0,23.06,995.536552795031,8802.29651701163,353096.36,0.0,95.40010351966873,44.2419886276756,144.0,37.0,98.81884057971014,44.99281601095899,149.0,40.0,93.02898550724638,47.42371768289279,149.0,30.0,-0.07512939958592123,0.05964102718184701,0.13000000000000256,-0.259999999999998,287.24792960662523,136.62529175764044,440.0,107.0,2.1900000000000004,,,,,,294.37876400097224,2.2133333333333334
1,2025-11-05,8.612933611400765,0.3461529284905255,9.68,0.0,1073.9551616266945,210.11280268589243,2136.0,72.0,406.89607229753216,30.974528128345074,444.0,214.0,319.1727493917275,29.19795480025084,374.0,165.0,24.804070212026417,0.9985197733479224,26.44,23.38,24.728216892596457,1.0096545341814964,26.37,23.25,484.97016336461587,624.651662874483,4489.46,102.43,81.38512339242266,47.686692201304425,143.0,21.0,91.23357664233576,42.21022885747484,149.0,41.0,85.16927354883559,44.236367912604905,145.0,26.0,-0.0758533194299618,0.06154713160805505,0.13000000000000256,-0.25,257.787973583594,133.69670004224355,434.0,88.0,9.68,4.0,22.0,1.0,,,303.1783237275393,4.693333333333333
1,2025-11-06,8.579461057023643,0.32387591002050825,10.08,6.92,1029.1599443671766,176.9695413985543,1621.0,637.0,447.73922114047286,33.4561746603853,518.0,266.0,337.70305980528514,39.46568531763836,413.0,149.0,25.580490264255914,1.1613614811901158,27.31,24.0,25.49531988873435,1.1778900820797034,27.25,23.87,210.79167593880388,102.69430695659156,453.49,87.22,78.44332406119611,49.7628734030641,145.0,26.0,91.8289290681502,41.337473611204764,153.0,42.0,87.48157162726008,41.72807218292068,146.0,40.0,-0.08517037552155775,0.05709615540546511,0.25,-0.26000000000000156,257.7538247566064,132.67889673018834,441.0,109.0,3.16,,,,4.0,22.0,324.5012186626343,5.010000000000001
1,2025-11-07,8.519395203336808,0.3130685912958726,10.03,7.47,976.1053180396246,169.67967764931245,1823.0,525.0,492.26485922836287,45.525559378981,573.0,290.0,385.55474452554745,44.94135657945871,466.0,174.0,26.58702120264164,0.9995036618914461,28.19,25.19,26.494730622175876,1.0019862256860639,28.12,25.12,137.42505387556483,33.83885041484116,201.83,77.55,80.49843587069864,47.215038072874954,151.0,27.0,88.62877997914494,43.231641239353394,150.0,39.0,83.79527285366702,45.265590893676475,176.0,30.0,-0.092290580465763,0.050492722023134325,0.13000000000000256,-0.25,252.9224887035106,135.16612880658383,477.0,106.0,2.5599999999999996,,,,,,347.47685124085336,5.133333333333333
1,2025-11-08,8.432997218358832,0.25130211437214706,9.57,7.77,915.4937413073714,234.3796822232592,1594.0,364.0,532.1300417246175,32.67869064693784,647.0,376.0,421.625173852573,32.34860086975363,477.0,260.0,26.764930458970795,0.7629352211584602,28.06,25.69,26.6609909596662,0.7733432953352708,28.0,25.56,128.64826147426982,25.306624893114787,176.4,77.83,80.28859527121001,46.87405684959526,144.0,27.0,87.76425591098749,43.53613258175989,147.0,39.0,82.04554937413074,45.373277073173234,144.0,31.0,-0.10393949930458957,0.04544529620420969,0.060000000000002274,-0.25,250.09840055632824,135.4102727496571,434.0,106.0,1.8000000000000007,,,,,,381.62765939446854,2.506666666666667
1,2025-11-09,8.43484532499131,0.2530930058298939,9.49,7.78,772.8706986444213,133.60007930055775,1379.0,334.0,543.9071949947862,29.302023153197407,591.0,389.0,428.6649287452207,36.17318964749226,507.0,279.0,26.7474244004171,0.7891449340801653,28.19,25.62,26.63891901286062,0.8007211496971525,28.12,25.5,128.7369099756691,24.948772056582836,179.38,77.06,76.30795968022245,51.16709906110944,145.0,25.0,89.3204727146333,43.152173260199454,148.0,42.0,84.48627042057699,44.344839385656115,146.0,32.0,-0.1085053875564826,0.04954863434024807,0.17999999999999972,-0.25,250.11470281543274,138.53942835398104,434.0,104.0,1.71,3.0,25.0,1.0,,,411.94828237444705,2.0233333333333334
1,2025-11-10,8.324894142554694,0.22928534149193533,9.34,6.4,711.711362032463,86.71486822155802,941.0,302.0,527.8352152434721,23.221915090242238,563.0,379.0,397.5165843330981,22.247855491321115,426.0,265.0,24.69908962597036,0.6000234879609285,26.12,23.62,24.54958009880028,0.6005947165314018,26.06,23.44,338.05845800988004,200.72901528949396,1262.79,139.88,76.29463655610445,45.4307266924759,144.0,24.0,83.93295695130557,42.29360198343309,147.0,37.0,77.54057868736768,43.42976702815305,145.0,27.0,-0.14950952717007748,0.04057658146280121,0.0,-0.26000000000000156,237.7681721947777,130.7668612632242,436.0,98.0,2.9399999999999995,13.0,25.0,1.0,3.0,25.0,415.93556231029726,2.15
1,2025-11-11,8.293600973236009,0.229115501537873,9.38,7.46,725.2453945081683,123.08426949127987,1088.0,397.0,555.4508168230795,22.636422232046435,587.0,417.0,417.90997566909977,29.613103725773048,470.0,257.0,24.205936739659364,0.48828700622418353,25.12,23.56,24.08005908932916,0.4974653033919765,25.0,23.44,523.6675217240181,281.35178126664846,1381.33,181.76,78.55613486270421,46.92456210331874,156.0,26.0,86.31908237747653,43.84470906105591,162.0,39.0,80.98262078554049,44.70689247436723,158.0,31.0,-0.125877650330205,0.04335026076971846,0.05999999999999872,-0.259999999999998,245.85783802572124,135.13315544120448,474.0,104.0,1.9200000000000008,13.0,16.0,1.0,13.0,25.0,414.69716291580625,2.19
1,2025-11-12,8.284127492877493,0.19934615454764698,9.27,7.14,544.4889601139602,182.4799940308659,1044.0,0.0,569.9358974358975,23.640343849756086,616.0,422.0,389.55804843304844,26.40379042772047,436.0,239.0,23.437033475783476,0.25202336796931624,23.81,22.94,23.30655982905983,0.26403960036785673,23.68,22.75,-19519.776637037037,102701.28129841515,340273.3,-440399.82,78.01602564102564,43.7555239684165,152.0,27.0,85.13603988603988,40.88382331027535,161.0,37.0,80.01994301994301,41.417547138493276,164.0,31.0,-0.13047364672364617,0.042271915895541405,0.0,-0.26000000000000156,243.17200854700855,125.59808314399116,466.0,104.0,2.13,,,,13.0,16.0,401.66153614508204,2.33
1,2025-11-13,8.249686847599165,0.20086660068355708,9.1,6.82,242.6242171189979,118.96494296632957,711.0,0.0,587.8121085594989,18.841171077006926,606.0,461.0,366.1231732776618,23.28824890775558,441.0,250.0,23.114425887265135,0.4461448465446206,24.81,22.88,22.968956158663882,0.449676960013294,24.68,22.75,-60385.677536534444,106632.25134817894,272.05,-467298.46,48.839248434237994,13.75112183551664,123.0,37.0,50.80793319415449,14.04120727666687,125.0,39.0,44.118997912317326,15.49127282445677,126.0,32.0,-0.14546972860125273,0.03703072655701496,-0.05999999999999872,-0.25,143.7661795407098,43.21692418245387,374.0,109.0,2.2799999999999994,,,,,,391.19706579327,2.11
1,2025-11-15,8.64058574879227,0.22106325300011215,9.55,7.94,57.78442028985507,132.46156607953785,977.0,0.0,619.7355072463768,42.84988306465908,776.0,455.0,539.7028985507246,98.50986371115796,958.0,344.0,25.325640096618358,0.8078639626655956,26.5,23.88,25.21618961352657,0.8094253888392046,26.37,23.75,0.0,0.0,0.0,0.0,86.3725845410628,46.411108651341564,239.0,33.0,90.57548309178743,46.415609447369214,255.0,36.0,85.28381642512078,48.41395398385236,207.0,29.0,-0.10945048309178744,0.05175354061833705,0.13000000000000256,-0.259999999999998,262.231884057971,141.16984468808434,701.0,98.0,1.6100000000000003,,,,,,431.7947067538116,2.0066666666666664
1,2025-11-16,8.554427860696517,0.1664557815213871,9.27,8.09,0.291044776119403,2.19552239944595,25.0,0.0,586.6542288557214,16.98473260528931,606.0,463.0,441.5771144278607,21.516919599682275,465.0,293.0,23.639875621890546,0.1762967189709875,24.0,23.31,23.509452736318405,0.17689536195805147,23.81,23.18,0.0,0.0,0.0,0.0,39.124378109452735,2.97276964091964,47.0,19.0,43.63681592039801,3.3843468059122643,52.0,24.0,35.78606965174129,2.8849951443057416,45.0,17.0,-0.1304228855721392,0.039938484788657344,0.0,-0.25,118.54726368159204,9.135390881551137,144.0,60.0,1.1799999999999997,3.0,4.0,1.0,,,449.13439541874897,1.6899999999999997
1,2025-11-19,9.02048113207547,0.29875477706933634,10.17,3.81,567.0641509433963,164.46058276204417,1251.0,0.0,534.3028301886792,23.21202905977144,561.0,372.0,428.7103773584906,23.567562470509657,469.0,268.0,18.94606132075472,0.5709188061062498,19.94,17.81,18.820603773584907,0.5839298392637159,19.87,17.68,0.0,0.0,0.0,0.0,88.81792452830189,51.70495542692053,148.0,16.0,97.09198113207547,46.60896878856468,151.0,31.0,91.05990566037735,48.68739257103698,159.0,22.0,-0.1254575471698109,0.05103994576628242,0.3099999999999987,-0.3100000000000023,276.96981132075473,146.9230874094783,451.0,73.0,6.359999999999999,,,,3.0,4.0,469.9967967790253,3.0499999999999994
1,2025-11-20,8.989572025052192,0.2514232190591774,10.03,7.8,443.3590814196242,134.49687534360368,1171.0,0.0,511.49930410577593,27.391875204552765,547.0,322.0,385.7453027139875,53.819028596292824,477.0,142.0,18.308507306889354,0.6968956314820439,19.88,17.19,18.173691718858734,0.700983876922914,19.62,17.06,0.0,0.0,0.0,0.0,71.94815588030619,52.78733141806775,146.0,20.0,81.31036882393876,47.97812890389075,148.0,32.0,75.44954766875435,49.8728741870466,148.0,25.0,-0.1348155880306192,0.05016489434170808,0.19000000000000128,-0.4399999999999977,228.7080723729993,150.56703136400708,441.0,80.0,2.2299999999999995,0.0,14.0,1.0,,,418.67759816677955,3.2566666666666664
1,2025-11-21,8.907774294670848,0.274411805385317,10.07,8.05,226.19435736677116,123.05703551221873,972.0,0.0,478.8847091605712,26.79141808829684,513.0,308.0,390.5276907001045,24.71181317325536,433.0,228.0,19.5678021595263,0.8267948760830828,21.0,18.5,19.434580285614768,0.8202118935124284,20.81,18.31,0.0,0.0,0.0,0.0,74.24416579588993,48.65518239038352,141.0,21.0,79.72378962034135,47.35483950031582,148.0,23.0,73.85963079066528,48.43482790748922,142.0,19.0,-0.13322187391152926,0.051941731177749466,0.3100000000000023,-0.3099999999999987,227.82758620689654,144.2554229744983,430.0,69.0,2.0199999999999996,,,,0.0,14.0,401.6611235908608,3.5366666666666666
1,2025-11-22,8.94606334841629,0.30475055811405033,10.13,8.12,95.5777932474765,136.88544208933263,1167.0,0.0,466.1987469544031,28.663288247108756,504.0,278.0,407.63592064044553,33.50157550960861,465.0,234.0,20.73192133658197,1.195735050070008,22.62,19.19,20.619439610163592,1.2038387123962329,22.68,19.06,0.0,0.0,0.0,0.0,79.77688827010094,46.46332450608527,144.0,26.0,82.18203967977723,47.98087403762942,149.0,33.0,76.95196658545075,49.169457745597526,152.0,23.0,-0.11248172641837798,0.060609730626365786,0.25,-0.26000000000000156,238.91089453532894,143.5774872428368,440.0,89.0,2.0100000000000016,,,,,,394.6363046848458,2.086666666666667
1,2025-11-23,8.996975200838282,0.3249761617012892,10.4,6.22,60.22179531959483,122.26331426623467,824.0,0.0,465.3409011526371,28.887521821841048,498.0,299.0,488.82011875654905,76.2438948562508,615.0,251.0,22.043845616486202,1.174450934021075,23.75,20.5,21.93588892769822,1.181304563875953,23.68,20.37,0.0,0.0,0.0,0.0,75.87251135172896,49.26498348430738,144.0,22.0,81.90499476074048,47.47346222001782,148.0,34.0,77.6426825008732,47.40185883374103,144.0,29.0,-0.10795668878798466,0.058985561930152294,0.19000000000000128,-0.259999999999998,235.42018861334265,143.85921459685113,432.0,91.0,4.180000000000001,0.0,14.0,1.0,,,428.99457669903296,2.736666666666667
1,2025-11-24,8.925978336827393,0.31990540078521285,10.13,7.65,51.53529000698812,105.2479138081177,665.0,0.0,474.3633822501747,27.18304415825829,509.0,306.0,563.7582110412299,32.54531797032828,630.0,385.0,23.32252969951083,0.7516913435107303,24.62,22.38,23.195087351502444,0.7557954410724882,24.5,22.18,0.0,0.0,0.0,0.0,72.03983228511531,51.01444669013707,144.0,23.0,82.61600279524808,45.50903205164352,146.0,36.0,78.67190775681341,44.92968183135176,145.0,33.0,-0.12744234800838555,0.0463949505028733,0.060000000000002274,-0.26000000000000156,233.3277428371768,141.36821138756338,432.0,94.0,2.4800000000000004,,,,0.0,14.0,486.7380834794082,2.8900000000000006
1,2025-11-25,8.79739797697942,0.29224591072187006,9.94,8.01,0.0,0.0,0.0,0.0,447.5057551447506,28.68913597588134,499.0,284.0,537.6239972096267,34.39849327361218,627.0,346.0,21.772996163236833,0.8701166919194263,23.0,19.5,21.608018835019184,0.8884033340458716,22.87,19.31,0.0,0.0,0.0,0.0,72.85280781304499,51.22724805987769,148.0,22.0,83.6187652598535,45.26276816860707,152.0,36.0,77.79595395884199,46.236269469629825,163.0,30.0,-0.16497732821764904,0.04957556606122666,0.17999999999999972,-0.3200000000000003,234.26752703174049,142.62302729864206,462.0,89.0,1.9299999999999997,4.0,14.0,1.0,,,530.0674423358018,2.8633333333333333
1,2025-11-26,8.66202787456446,0.32220625259650576,9.97,7.71,1.3128919860627177,8.759937303843914,182.0,0.0,426.8588850174216,24.552416158566647,450.0,267.0,589.2749128919861,32.050087661511256,645.0,368.0,20.009355400696865,0.8949121723763893,21.44,18.69,19.857191637630663,0.9106032695988623,21.31,18.5,0.0,0.0,0.0,0.0,76.02926829268293,48.98887540423542,144.0,25.0,83.21219512195123,46.11068326211973,146.0,35.0,77.05400696864112,47.80354617765553,146.0,28.0,-0.1521637630662021,0.06057601693402369,0.3100000000000023,-0.3200000000000003,236.29547038327527,142.69003697101414,434.0,98.0,2.2600000000000007,1.0,14.0,1.0,4.0,14.0,563.5523737142809,2.2233333333333336
1,2025-11-27,8.499567190226875,0.27746549895993766,9.73,7.74,0.0,0.0,0.0,0.0,428.1958115183246,25.494804143519456,474.0,260.0,568.8586387434555,53.82190444685168,668.0,338.0,19.82005235602094,0.28616290491910984,20.56,19.12,19.66257242582897,0.29682405324195515,20.56,18.94,0.0,0.0,0.0,0.0,72.95183246073299,48.14808306196368,150.0,19.0,79.60942408376964,45.81495886551007,150.0,34.0,74.79650959860383,45.3975470517476,168.0,25.0,-0.15747993019197207,0.04806887043050203,0.120000000000001,-0.26000000000000156,227.35776614310646,139.08708523771844,468.0,92.0,1.9900000000000002,,,,1.0,14.0,565.2525162816895,2.06
1,2025-11-28,8.413910770303241,0.30464861961868483,9.64,7.58,0.0,0.0,0.0,0.0,423.8745207389334,26.47126035230429,449.0,257.0,487.51829905890554,29.16414786473663,564.0,311.0,19.49823631927501,0.4486421773184151,20.31,18.81,19.34953642384106,0.46557064588022684,20.25,18.62,0.0,0.0,0.0,0.0,72.74416172882538,48.37419597646999,141.0,23.0,79.0644823980481,46.44444151246293,146.0,34.0,74.18961310561171,46.27004767535423,144.0,26.0,-0.14869989543394882,0.050398172639773274,0.17999999999999972,-0.3099999999999987,225.99825723248517,140.81344299881067,428.0,92.0,2.0600000000000005,,,,,,548.5506168981157,2.103333333333334
1,2025-11-29,8.473141361256545,0.3572073790448541,9.83,7.49,19.30959860383944,55.731318694189355,408.0,0.0,448.84886561954625,28.870167609453304,485.0,273.0,488.7926701570681,29.09645420617378,584.0,305.0,20.68391972076789,1.096269811924155,22.31,19.31,20.553357766143108,1.1161289751044192,22.18,19.12,0.0,0.0,0.0,0.0,75.6324607329843,49.794353565943865,144.0,24.0,81.97661431064573,47.64266077900075,145.0,34.0,77.46143106457242,48.06500918119344,145.0,26.0,-0.13056195462478204,0.061275989962617454,0.17999999999999972,-0.3100000000000023,235.07050610820244,145.25912811557177,431.0,93.0,2.34,1.0,14.0,1.0,,,515.0565359864764,2.1300000000000003
1,2025-11-30,8.497184668989547,0.2985197897538295,9.87,7.71,7.023693379790941,35.31441403403868,466.0,0.0,477.12857142857143,26.422417504664967,513.0,299.0,503.71463414634144,37.05433579358134,557.0,296.0,21.75214982578397,0.726786649773436,22.81,20.75,21.621595818815333,0.7332265366944047,22.68,20.62,0.0,0.0,0.0,0.0,72.43240418118467,51.27490132505812,142.0,23.0,82.55574912891986,45.89667643394125,146.0,36.0,78.96376306620209,45.04835027441576,144.0,35.0,-0.13055400696864103,0.04677027625902348,0.060000000000002274,-0.26000000000000156,233.95191637630663,142.1367970334098,430.0,95.0,2.1599999999999993,,,,1.0,14.0,493.34186778743833,2.1866666666666665
1,2025-12-01,8.524356292823658,0.3372378336057599,10.04,7.71,22.721601153984853,74.00337604933613,755.0,0.0,505.89433826181033,25.9916739437421,536.0,320.0,554.90010818608,45.2804445826729,657.0,350.0,22.374468085106383,0.787076746796847,23.69,21.44,22.251424450054092,0.8002769347108983,23.56,21.25,0.0,0.0,0.0,0.0,72.30436350522899,50.97703808273762,159.0,23.0,82.64406779661017,45.94921476228962,165.0,36.0,79.43923548503426,44.52798385312606,163.0,35.0,-0.12304363505228999,0.049954928170723105,0.060000000000002274,-0.26000000000000156,234.3876667868734,141.36320982385845,487.0,95.0,2.329999999999999,,,,,,515.8024708298299,2.276666666666666
1,2025-12-02,8.588925029750099,0.3845733498836424,10.13,7.59,11.27925426418088,45.87380639422076,398.0,0.0,509.051963506545,25.01018992950235,531.0,335.0,552.5089250297501,35.02059512644878,624.0,346.0,23.235973819912733,0.9242536315886378,24.94,22.19,23.093954779849266,0.9403939715692898,24.81,22.0,0.0,0.0,0.0,0.0,70.47600158667196,47.675268946128774,160.0,24.0,76.6390321301071,46.30114297690308,168.0,35.0,72.81792939309798,46.396922061942895,168.0,27.0,-0.1420190400634669,0.054142753278441924,0.17999999999999972,-0.3200000000000003,219.93296310987702,139.9622024809542,479.0,96.0,2.540000000000001,,,,,,537.0412224540572,2.3433333333333333
1,2025-12-03,8.592184991273998,0.3476197604987096,9.97,5.04,2.8150087260034904,19.967990748890074,501.0,0.0,516.5919720767888,23.94581884169387,550.0,349.0,499.5923211169285,47.88610290709359,611.0,299.0,21.287260034904016,1.0678381660666358,22.88,18.75,21.117033158813264,1.0752654573260134,22.68,18.5,0.0,0.0,0.0,0.0,74.26596858638743,48.58245213043479,147.0,21.0,81.08586387434555,46.26880893957364,148.0,33.0,74.7151832460733,47.49358082738693,160.0,26.0,-0.17022687609075032,0.050614769917960815,0.3000000000000007,-0.3200000000000003,230.06701570680627,142.15087725362432,455.0,81.0,4.930000000000001,,,,,,535.6671181109195,3.266666666666667
1,2025-12-04,8.57097629009763,0.33149241668355534,9.88,6.94,9.350767085076708,41.77534352023731,569.0,0.0,515.5801952580196,26.18260148535394,543.0,328.0,451.6879358437936,28.89483778649952,507.0,255.0,19.057486052998605,0.6881120637095055,20.25,18.06,18.90794630404463,0.7018667131722628,20.25,17.87,0.0,0.0,0.0,0.0,75.00767085076708,48.974605405475245,153.0,22.0,80.84135285913528,47.49582918391653,159.0,33.0,74.63284518828452,48.51409953301795,153.0,25.0,-0.1495397489539749,0.05668678121484067,0.129999999999999,-0.3200000000000003,230.4818688981869,144.74377498409206,463.0,85.0,2.9400000000000004,1.0,14.0,1.0,,,501.2630606634907,3.4700000000000006
1,2025-12-05,8.409295154185022,0.25760715808526774,9.41,7.9,0.0,0.0,0.0,0.0,519.1894273127754,28.818846358291175,544.0,346.0,431.82819383259914,36.38950419763742,462.0,259.0,18.92740088105727,0.03864786109685664,19.0,18.81,18.791189427312773,0.047846493783448636,18.87,18.68,0.0,0.0,0.0,0.0,36.3215859030837,2.427282457533521,44.0,32.0,36.841409691629956,2.5902222107999897,43.0,33.0,29.779735682819382,1.9129123236954386,36.0,26.0,-0.13621145374449437,0.04183521456818154,-0.00999999999999801,-0.26000000000000156,102.94273127753304,6.640668316740077,123.0,91.0,1.5099999999999998,,,,1.0,14.0,461.03615026444044,3.126666666666667
1,2025-12-08,8.800965333333334,0.30482875920237007,10.24,7.85,5.2848,24.61221027804181,325.0,0.0,570.7973333333333,31.784467813159573,597.0,397.0,329.57866666666666,31.588461839416745,368.0,165.0,21.85437333333333,0.7210365251357782,23.0,20.5,21.786570666666666,0.7317864026160427,22.94,20.44,0.0,0.0,0.0,0.0,90.18346666666666,47.644320367937375,149.0,27.0,93.5232,48.58289431982139,154.0,27.0,87.9296,50.22930719809772,163.0,21.0,-0.06780266666666668,0.05152294816023283,0.13000000000000256,-0.1999999999999993,271.63626666666664,146.3965717086295,456.0,75.0,2.3900000000000006,,,,,,404.36493211435317,2.2800000000000002
1,2025-12-09,8.648564975677553,0.3793009748565561,10.02,0.03,14.791174426685197,49.301232977559046,877.0,0.0,576.1438498957609,27.134639301682036,600.0,384.0,334.74878387769286,29.547810774495215,381.0,154.0,21.084075747046562,0.8846047587735268,22.5,19.81,21.00157748436414,0.896013772576535,22.44,19.68,0.0,0.0,0.0,0.0,74.99166087560806,50.27769876742165,147.0,20.0,82.30333564975678,47.66006157757923,148.0,15.0,75.65844336344684,49.648221153295914,148.0,15.0,-0.08249826268241832,0.05542748675753145,0.3200000000000003,-0.1999999999999993,232.9534398888117,147.38234057664263,439.0,52.0,9.99,,,,,,365.3852147923196,4.63
1,2025-12-10,8.56579188712522,0.33434200919944873,10.28,6.39,31.908289241622576,90.32721852360629,658.0,0.0,592.6356261022928,27.359086599071816,623.0,392.0,330.9827160493827,28.717125680853652,380.0,155.0,21.667435626102293,0.807986523370509,23.12,20.62,21.582716049382714,0.8194504515167935,23.06,20.5,0.0,0.0,0.0,0.0,77.33862433862434,48.035628834083674,151.0,22.0,81.8352733686067,47.91057769867741,158.0,30.0,78.0,47.26906123049047,149.0,27.0,-0.08471957671957656,0.04880813784827258,0.129999999999999,-0.25,237.17389770723105,143.1393693725523,458.0,85.0,3.8899999999999997,,,,,,331.7700555312474,5.423333333333333
1,2025-12-11,8.577322862129144,0.36036234788213584,10.02,7.55,37.5542757417103,91.36494025611542,772.0,0.0,580.0237347294939,27.82655519276678,620.0,400.0,343.887260034904,29.442483610053095,392.0,156.0,21.184659685863874,0.6234262009816577,22.38,20.25,21.10227923211169,0.6370245561441968,22.31,20.12,0.0,0.0,0.0,0.0,76.17137870855149,50.23086663256529,145.0,23.0,83.27434554973821,47.42641449696963,147.0,30.0,78.84397905759162,47.874498621288865,146.0,21.0,-0.08238045375218145,0.055492227629714085,0.17999999999999972,-0.259999999999998,238.28970331588133,145.3459026110223,436.0,77.0,2.4699999999999998,,,,,,336.5395866539932,5.45
1,2025-12-12,8.657906652734239,0.3872013040006948,10.41,1.65,30.411703239289444,74.6614737857787,609.0,0.0,573.387669801463,28.75375160198216,601.0,373.0,353.29258098223613,30.711165568626683,438.0,160.0,20.974521072796936,0.8513631038871226,22.44,19.75,20.89899686520376,0.8659850307651421,22.37,19.68,0.0,0.0,0.0,0.0,78.89515848136537,47.50547169182756,146.0,26.0,84.23336816440265,46.30148756021927,150.0,34.0,79.76001393242773,46.76668179369619,148.0,24.0,-0.07552420759317298,0.0543994327303518,0.17999999999999972,-0.26000000000000156,242.88854057819574,140.39956214255284,442.0,88.0,8.76,,,,,,342.7208523555076,5.04
1,2025-12-13,8.718027139874739,0.35045875850694813,10.17,7.48,16.19659011830202,67.40092037745644,648.0,0.0,568.0118302018093,29.45700494267048,611.0,352.0,345.3733472512178,30.025133910469293,407.0,170.0,20.98002783576896,0.7298501478713146,22.38,19.31,20.898622129436326,0.7449085432297972,22.31,19.18,0.0,0.0,0.0,0.0,77.93702157272095,47.468609815568755,144.0,22.0,84.87578288100208,45.08819008298587,147.0,30.0,79.2491301322199,46.54624153519828,153.0,25.0,-0.08140570633263747,0.05009813184764973,0.11999999999999744,-0.25,242.06193458594294,138.81721910017671,437.0,84.0,2.6899999999999995,,,,,,347.51772942278603,4.64
1,2025-12-14,8.846768589298124,0.3377964064246733,10.35,7.85,7.989228630993746,31.77027303786965,385.0,0.0,548.73106323836,30.78964161721276,585.0,359.0,352.8287004864489,36.976570799517084,432.0,145.0,17.959982626824186,0.7746759779057973,19.38,16.31,17.87046560111188,0.7840487808943164,19.44,16.18,0.0,0.0,0.0,0.0,76.36483669214732,48.39750006281258,152.0,20.0,82.9006254343294,46.45807786877449,153.0,31.0,77.12856150104238,47.2008717224657,163.0,26.0,-0.08951702571230015,0.06241303624015311,0.38000000000000256,-0.25,236.39402362751912,141.77887826570787,468.0,81.0,2.5,,,,,,350.4982095733009,4.6499999999999995
1,2025-12-15,8.864928646014619,0.5758353537136305,11.18,6.22,0.2986425339366516,2.883518909991154,50.0,0.0,527.1225200139228,34.94918153585505,563.0,304.0,324.119039331709,40.85650414013807,396.0,106.0,17.10632962060564,1.4647233261955064,19.0,15.06,17.053021232161505,1.470865289229974,18.94,15.06,0.0,0.0,0.0,0.0,75.98016011138184,49.424148677918886,144.0,22.0,82.95405499477897,46.49512485024199,146.0,34.0,78.67037939436129,46.838209236253675,146.0,28.0,-0.05330838844413514,0.12816410252263,0.9899999999999984,-0.259999999999998,237.6045945005221,142.47958464343088,434.0,86.0,4.96,0.0,12.0,0.0,,,340.77369568979185,3.383333333333333
1,2025-12-16,8.795274216524216,0.34446242192542637,10.21,7.73,5.743945868945869,23.666147397189462,237.0,0.0,501.24252136752136,31.38180841128086,541.0,294.0,320.4241452991453,31.102436239949302,362.0,127.0,18.949583333333333,1.131222783035793,20.56,17.44,18.870641025641028,1.1426981436216392,20.56,17.37,0.0,0.0,0.0,0.0,76.91096866096866,49.84033553273303,144.0,21.0,84.99323361823362,45.83568673685035,148.0,32.0,81.0014245014245,45.707594340232035,145.0,29.0,-0.07894230769230758,0.05539944225618577,0.3000000000000007,-0.1999999999999993,242.9056267806268,141.1968637232882,433.0,82.0,2.4800000000000004,,,,0.0,12.0,332.4572950391011,3.313333333333334
1,2025-12-17,8.769718162839247,0.39660711744501753,10.4,0.0,13.661099512874044,46.05442500970382,467.0,0.0,513.7526096033403,28.906712332959092,546.0,308.0,334.09846903270704,31.755401837526154,391.0,130.0,19.95536186499652,1.057978237560802,21.69,18.56,19.8683785664579,1.0611525372519408,21.56,18.44,0.0,0.0,0.0,0.0,78.87439109255394,46.265760450249054,177.0,28.0,82.19241475295755,47.092316246285534,181.0,33.0,77.64231036882394,46.95354064537093,174.0,25.0,-0.0869832985386222,0.0618058253013975,0.19000000000000128,-0.26000000000000156,238.7091162143354,140.22560612456692,532.0,92.0,10.4,,,,,,326.21388455452046,5.946666666666666
1,2025-12-18,8.727735652173914,0.3704891344035385,10.25,4.32,3.1579130434782607,17.03537507640579,221.0,0.0,517.4862608695652,30.329529807176392,546.0,303.0,335.8681739130435,32.25413956543926,380.0,118.0,20.534083478260868,0.8880428661995323,21.94,19.31,20.421252173913043,0.8970470950100558,21.87,19.18,0.0,0.0,0.0,0.0,75.14573913043478,48.28379604061767,144.0,24.0,82.29878260869565,45.58658262654542,147.0,34.0,77.03339130434783,46.162999740446416,147.0,28.0,-0.11283130434782614,0.049789931651681996,0.120000000000001,-0.25,234.47791304347825,139.77508694160446,436.0,89.0,5.93,,,,,,330.1302627482986,6.27
1,2025-12-19,8.542190542420029,0.3044618914299972,10.02,7.64,0.10465924895688457,2.8812737259497476,134.0,0.0,534.0928372739917,31.597458414288813,581.0,325.0,338.9582753824757,33.763242132833035,458.0,129.0,20.977340055632823,0.412609322082989,21.75,20.44,20.86181502086231,0.4141889195465663,21.68,20.25,0.0,0.0,0.0,0.0,73.10465924895688,45.438154806251625,143.0,26.0,80.57510431154381,42.67657448242925,147.0,38.0,76.98609179415855,41.53100232742543,148.0,36.0,-0.1155250347705147,0.04248665139729557,0.060000000000002274,-0.259999999999998,230.66585535465924,129.40972866727475,435.0,104.0,2.38,,,,,,336.30830610940876,6.2366666666666655
1,2025-12-20,8.460330895158481,0.31031319777629013,9.96,7.62,0.0,0.0,0.0,0.0,542.6590038314176,32.19702609652424,569.0,330.0,355.2145593869732,57.536868445016275,540.0,143.0,21.277896203413444,0.6047400723254486,22.31,20.56,21.184158829676072,0.6108988475533776,22.18,20.44,0.0,0.0,0.0,0.0,78.65517241379311,42.406784927718874,143.0,33.0,81.89097875304772,43.36079442885745,147.0,35.0,78.28874956461163,41.86811725790374,146.0,34.0,-0.09373737373737416,0.04472057255543262,0.17999999999999972,-0.25,238.83490073145245,127.58717419258231,436.0,102.0,2.3400000000000007,3.0,13.0,1.0,,,343.34700289416406,3.5500000000000003
1,2025-12-21,8.643042094092678,0.3631382235781584,10.43,7.74,0.025468694729395117,1.229526783977997,65.0,0.0,541.9490626105412,33.68236934370522,578.0,347.0,320.1987973116378,35.92635324824831,407.0,113.0,21.370406791651927,0.6932342715114637,22.75,19.81,21.27360099044924,0.7156196227152629,22.68,19.62,0.0,0.0,0.0,0.0,77.29571984435798,46.74958806018436,144.0,22.0,84.66713830916166,43.71245139127344,149.0,35.0,80.2041032897064,43.67664604692824,152.0,31.0,-0.09680580120268854,0.05707129294767323,0.17999999999999972,-0.26000000000000156,242.16696144322603,133.89867565136143,442.0,93.0,2.6899999999999995,,,,3.0,13.0,338.1238773603622,2.47
1,2026-01-07,8.539491691104594,0.5624068835120161,10.55,6.34,0.0,0.0,0.0,0.0,424.97262952101664,29.324442521291488,461.0,244.0,340.86999022482894,32.462408015251,403.0,160.0,14.539257086999022,0.5088412408613139,15.38,13.69,14.401094819159335,0.5108367467233259,15.25,13.56,0.0,0.0,0.0,0.0,57.33626588465298,33.608810997257706,141.0,32.0,59.65395894428153,35.07687254782109,146.0,35.0,54.77321603128055,35.105451794750685,146.0,22.0,-0.13816226783968746,0.046528667420381316,0.0,-0.3100000000000005,171.76344086021504,103.57984125953513,430.0,96.0,4.210000000000001,,,,,,338.76111564114666,3.0800000000000005
1,2026-01-08,8.459972105997212,0.4039160408293155,11.76,6.46,0.0,0.0,0.0,0.0,409.54532775453276,34.25654208696227,441.0,196.0,314.9640864714086,34.640438700170485,356.0,119.0,14.001324965132497,0.9369330007535843,15.81,12.69,13.831701534170154,2.795958198012678,15.87,-127.0,0.0,0.0,0.0,0.0,79.03556485355648,45.900418335165455,147.0,28.0,82.27266387726638,46.15294623377676,153.0,33.0,77.56241283124129,46.880614940918214,165.0,28.0,-0.16962343096234322,2.6593062364707483,0.4900000000000002,-142.5,238.87064156206415,138.85478208744672,461.0,95.0,5.3,,,,,,325.3442913359584,4.066666666666666
1,2026-01-09,8.402526315789475,0.4198181134038696,10.38,6.6,0.0,0.0,0.0,0.0,405.86140350877196,30.649367573788645,429.0,204.0,335.52,34.375955827676044,383.0,129.0,13.495150877192982,1.0354377524068883,15.0,12.0,13.398484210526316,1.0429829127034889,14.87,11.87,0.0,0.0,0.0,0.0,73.96877192982456,48.31388036265923,143.0,21.0,80.67824561403509,45.161509434948975,145.0,34.0,75.20210526315789,46.49085549402121,150.0,27.0,-0.09666666666666675,0.08223179775529987,0.620000000000001,-0.26000000000000156,229.84912280701755,139.78511955850288,434.0,82.0,3.780000000000001,0.0,5.0,0.0,,,330.45135889874587,4.430000000000001
1,2026-01-10,8.482533009034052,0.33269652467915906,9.94,7.51,0.0,0.0,0.0,0.0,413.1917998610146,30.992952916910124,447.0,204.0,347.82904794996523,30.371193862137485,381.0,149.0,14.78905489923558,1.1648233159711106,16.38,13.19,14.692129951355106,1.163753537153594,16.31,13.0,0.0,0.0,0.0,0.0,72.22063933287005,51.119224814603996,146.0,21.0,82.80993745656706,44.646532209118746,148.0,36.0,77.57748436414177,45.626371815000006,145.0,29.0,-0.09692494788047276,0.06790649121982911,0.4999999999999982,-0.26000000000000156,232.6080611535789,141.29508965683664,438.0,88.0,2.4299999999999997,,,,0.0,5.0,332.7710448071246,3.8366666666666673
1,2026-01-11,8.684111304347827,0.3711611697252792,10.45,7.69,0.0,0.0,0.0,0.0,407.7850434782609,33.11014261213556,434.0,200.0,358.59617391304346,34.040594282719965,513.0,168.0,15.714747826086956,1.0375235980369815,17.5,14.19,15.604445217391303,1.0475200840159347,17.56,14.06,0.0,0.0,0.0,0.0,73.63652173913043,50.61081039133954,147.0,24.0,84.6184347826087,43.86352126650561,148.0,38.0,79.91234782608696,44.66926286734649,147.0,34.0,-0.11030260869565234,0.07401272420282232,0.5,-0.26000000000000156,238.16730434782608,139.0349712026826,441.0,99.0,2.759999999999999,0.0,8.0,0.0,,,347.31507395433624,2.9899999999999998
1,2026-01-12,8.751744873131734,0.3482598509175042,10.18,7.58,0.0,0.0,0.0,0.0,403.62877997914495,33.482270322440364,433.0,201.0,350.77546054918315,36.65335374262953,425.0,148.0,16.147434827945776,1.0896336468574144,18.06,14.75,16.03387208898158,1.1054532712667482,17.87,14.56,0.0,0.0,0.0,0.0,71.80674313521028,49.49419596626884,147.0,24.0,82.76816127911019,43.156990819530826,151.0,36.0,78.7254084115398,43.53248859767423,167.0,35.0,-0.11356273896419883,0.07663603158528508,0.4399999999999977,-0.26000000000000156,233.30031282586026,136.04216617267437,462.0,98.0,2.5999999999999996,,,,0.0,8.0,352.4002274707306,2.5966666666666662
1,2026-01-13,8.71391016713092,0.3718253002776265,10.32,7.41,0.0,0.0,0.0,0.0,398.3896239554318,31.78290282768245,428.0,193.0,352.7510445682451,46.045345106149135,544.0,145.0,17.484059888579388,0.8832530792389376,19.5,16.38,17.385275069637885,0.8956525639965588,19.37,16.25,0.0,0.0,0.0,0.0,74.41155988857939,49.51201626739726,144.0,24.0,84.99477715877437,43.26626479928823,148.0,37.0,81.39066852367688,42.93102237267619,146.0,34.0,-0.09878481894150419,0.06952658497401576,0.370000000000001,-0.25,240.79700557103064,135.59349354174842,436.0,97.0,2.91,0.0,13.0,1.0,,,354.0408930101573,2.7566666666666664
1,2026-01-14,8.851325678496869,0.35206083606177796,10.56,7.49,0.0,0.0,0.0,0.0,415.5466249130132,34.805622309197936,465.0,196.0,353.88552540013916,40.11017431383804,498.0,142.0,17.74231732776618,1.3524069847821776,19.69,15.81,17.659617258176755,1.3622351898589633,19.62,15.68,0.0,0.0,0.0,0.0,78.32567849686848,47.240920265019014,147.0,26.0,84.52296450939457,44.56482930806931,148.0,38.0,80.86812804453723,44.390347663938506,149.0,35.0,-0.08270006958942233,0.11209402513018814,0.740000000000002,-0.25,243.71677105080028,135.99858910279815,444.0,100.0,3.0700000000000003,0.0,16.0,1.0,0.0,13.0,352.47067683918914,2.86
1,2026-01-15,8.789593467685894,0.317199042649948,10.21,7.77,0.0,0.0,0.0,0.0,416.9951355107714,30.340037523368547,445.0,235.0,346.02084781097983,31.287274601817092,384.0,148.0,18.734510076441975,0.9148456698564732,20.25,17.38,18.617807505211953,0.908213183743067,20.25,17.25,0.0,0.0,0.0,0.0,80.14871438498957,43.17157189030459,146.0,7.0,83.50868658790827,43.07437644061039,147.0,20.0,78.90653231410703,43.58723452199181,152.0,10.0,-0.11670257123002079,0.05059193375628353,0.25,-0.38000000000000256,242.56393328700486,129.7475500417659,441.0,37.0,2.4400000000000013,,,,0.0,16.0,350.8858059264547,2.806666666666667
1,2026-01-16,8.718371607515657,0.3693462202249059,11.1,7.11,0.0,0.0,0.0,0.0,410.8061934585943,34.44845142663388,455.0,208.0,346.3796102992345,33.757756041999265,393.0,139.0,19.36204940848991,0.7423679268891235,20.5,18.25,19.243792623521227,0.7478835808273464,20.5,18.12,0.0,0.0,0.0,0.0,78.928670842032,45.002147829481274,146.0,26.0,87.1196938065414,41.02876846487123,149.0,40.0,81.96938065414056,42.270527919924966,154.0,34.0,-0.11825678496868451,0.05477342023700761,0.25,-0.26000000000000156,248.017745302714,127.80744699266819,449.0,106.0,3.9899999999999993,0.0,14.0,1.0,,,348.7619945034512,3.1666666666666665
1,2026-01-17,8.721001042752867,0.3257185898752024,10.26,7.89,0.0,0.0,0.0,0.0,420.6830031282586,31.236195275507328,453.0,222.0,367.96315606534586,31.65290117009234,497.0,175.0,20.116868265554398,0.8464703535758593,21.62,19.0,20.008981578032675,0.8629493278450568,21.56,18.81,0.0,0.0,0.0,0.0,75.33368091762253,47.85654438905914,149.0,27.0,88.56482446993395,39.78050504261081,151.0,45.0,84.39346541536322,40.499362952586104,158.0,41.0,-0.10788668752172394,0.06738393684264149,0.3100000000000023,-0.259999999999998,248.2919708029197,127.92184128300428,453.0,114.0,2.37,0.0,16.0,0.0,0.0,14.0,353.45453805852003,2.9333333333333336
1,2026-01-18,8.707857889237198,0.295703923645786,10.17,7.72,0.0,0.0,0.0,0.0,410.6269592476489,32.59462490346054,464.0,204.0,326.33925461511666,34.7186780906771,383.0,118.0,19.28224312086381,0.4650606922669942,20.5,18.56,19.17456287008011,0.4783066918089782,20.44,18.44,0.0,0.0,0.0,0.0,73.48310693138279,48.74829374548642,146.0,23.0,86.20480668756531,41.05215334133973,146.0,40.0,82.2183908045977,41.16917620412093,149.0,37.0,-0.10768025078369912,0.06411702734218432,0.370000000000001,-0.26000000000000156,241.9063044235458,130.80107751888377,437.0,100.0,2.45,0.0,16.0,0.0,0.0,16.0,346.8940069932323,2.936666666666666
1,2026-01-19,8.794921793534932,0.3654673439400991,10.41,6.47,0.0,0.0,0.0,0.0,411.0799443865137,37.93505912720307,463.0,205.0,362.98748696558914,44.178215504361226,429.0,133.0,19.00716371220021,1.0375349678058376,20.81,17.44,18.9240771637122,1.0596396497714562,20.81,17.31,0.0,0.0,0.0,0.0,73.43621828293361,50.179966614110334,149.0,24.0,85.34202294056308,42.73666596753121,148.0,37.0,81.43204727146333,42.50768549196386,150.0,35.0,-0.08308654848800823,0.08828372725712118,0.6799999999999997,-0.259999999999998,240.21028849496003,135.2726034773891,447.0,101.0,3.9400000000000004,,,,0.0,16.0,352.42996588201726,2.9200000000000004
1,2026-01-20,8.81660237388724,0.36189291958884084,10.57,7.74,0.0,0.0,0.0,0.0,404.2292284866469,30.747836322479817,434.0,196.0,341.3308605341246,36.82671084538544,390.0,143.0,18.45234050445104,0.8615363442774303,20.31,16.75,18.352069732937686,0.879249859669702,20.25,16.62,0.0,0.0,0.0,0.0,72.42804154302671,50.508913007086726,150.0,23.0,83.37166172106825,44.57176820947638,155.0,32.0,77.95215133531157,45.48060740894471,169.0,27.0,-0.10027077151335302,0.07631810766294196,0.48999999999999844,-0.26000000000000156,233.75185459940653,140.41577935253156,474.0,82.0,2.83,0.0,16.0,0.0,,,343.55253403827675,3.0733333333333337
1,2026-01-21,8.816516106442577,0.3508510719617496,10.96,7.43,165.7153361344538,264.89339333262075,747.0,0.0,357.2909663865546,71.21915857996416,450.0,90.0,348.2727591036415,44.975340667765465,558.0,151.0,15.984856442577032,0.8970788439366313,17.75,14.56,15.82828081232493,2.8256999355328287,17.75,-127.0,0.03407913165266106,1.8212418520760782,97.33,0.0,74.49579831932773,48.9924471450538,146.0,23.0,84.91981792717087,43.037053388680626,148.0,33.0,79.27485994397759,44.262998565527646,147.0,19.0,-0.1565756302521009,2.6737245783219525,0.6300000000000026,-142.91,238.6904761904762,136.156050860668,438.0,82.0,3.530000000000001,0.0,13.0,0.0,0.0,16.0,350.86370220111843,3.4333333333333336
1,2026-01-22,8.792001389854066,0.33546313266894723,10.26,7.62,672.7178596247394,113.69637242778596,884.0,0.0,248.2157748436414,28.888667214642158,277.0,79.0,337.75886031966644,31.083809528894506,387.0,178.0,15.272484364141764,1.0113360144711045,17.19,13.81,15.165496872828355,1.0103093610524403,17.06,13.68,0.0,0.0,0.0,0.0,72.87908269631689,47.55031333022619,146.0,27.0,84.06810284920084,41.13503729977223,148.0,40.0,79.64315496872828,42.75770391876643,165.0,35.0,-0.10698749131341206,0.09443901937307746,0.5600000000000005,-0.3100000000000023,236.590340514246,131.2848937497811,459.0,102.0,2.6399999999999997,0.0,10.0,0.0,0.0,13.0,342.4541599858108,3.0
1,2026-01-23,8.804980882864095,0.34928494607772986,10.22,7.63,684.0813347236705,144.31311693308103,911.0,0.0,271.18873826903024,31.6348061155647,314.0,114.0,314.9826207855405,27.237488553424654,351.0,156.0,16.141595411887383,1.3855055836062966,18.31,14.31,16.053778241223498,1.3954870175585743,18.18,14.18,0.0,0.0,0.0,0.0,76.77233229058047,45.632054306899796,147.0,26.0,83.6371220020855,42.29036144971272,148.0,33.0,79.44977407021203,42.96310313512055,150.0,35.0,-0.08781717066388596,0.10071871735161504,0.75,-0.3100000000000023,239.85922836287799,130.57157963631636,443.0,97.0,2.5900000000000007,,,,0.0,10.0,333.67141340294944,2.9200000000000004
1,2026-01-24,8.744743813175322,0.32418879379868515,10.02,3.43,598.7685604740327,221.83007865263207,981.0,0.0,275.98361798536075,28.66550849509192,319.0,119.0,310.2812826768909,27.761511772084727,361.0,147.0,17.823893342628093,1.253954694138558,20.0,16.12,17.728163123039387,1.2619659370919023,19.81,16.0,0.0,0.0,0.0,0.0,78.17601951899617,46.266676326105504,147.0,26.0,84.74904147786685,43.264670321175686,150.0,38.0,81.35761589403974,43.33475115462695,153.0,35.0,-0.09573021958870688,0.0813407420330767,0.4400000000000013,-0.4399999999999977,244.28267689090276,132.55386493478696,449.0,100.0,6.59,0.0,15.0,0.0,,,321.00758792736593,3.94
1,2026-01-25,8.655636300417246,0.30888215598395735,9.91,3.57,577.7527816411683,352.1078457457861,1253.0,0.0,268.29589707927676,26.141362803938538,296.0,123.0,304.6901947148818,29.56657903777256,359.0,138.0,18.90595966620306,1.0736143022635323,20.56,17.5,18.814283727399165,1.0869472887468978,20.44,17.31,0.0,0.0,0.0,0.0,74.46627260083449,47.42363281132523,145.0,27.0,84.23887343532684,42.06220194757093,149.0,40.0,80.63630041724618,42.23843528984489,151.0,34.0,-0.09167593880389414,0.07223613927515225,0.5,-0.25,239.3414464534075,131.47113910378292,444.0,106.0,6.34,0.0,16.0,0.0,0.0,15.0,309.98469939243773,5.173333333333333
1,2026-01-26,8.432518223989398,0.24514142341249784,10.55,7.71,218.6547382372432,140.82438486672413,672.0,0.0,262.93969516235916,25.40243091110539,286.0,122.0,311.9555997349238,28.596015669841357,345.0,155.0,18.966600397614314,0.23736431282417775,19.69,18.69,18.86316766070245,0.2812501206387572,20.06,18.5,0.0,0.0,0.0,0.0,77.63552021206097,41.86091927336949,143.0,36.0,80.99867461895295,41.81963607095264,146.0,39.0,77.05434062292909,44.3738603848802,151.0,33.0,-0.10343273691186228,0.08754997974933582,0.6199999999999974,-0.26000000000000156,235.68853545394302,127.93880544529416,439.0,109.0,2.8400000000000007,0.0,16.0,0.0,0.0,16.0,308.9756923755655,5.256666666666667
1,2026-02-01,8.733609756097561,0.2571362792041794,9.81,8.01,851.5743902439025,87.97172138456759,1030.0,536.0,408.25853658536585,30.36841730364915,465.0,267.0,313.780487804878,33.929944486410335,365.0,130.0,17.729756097560976,0.2521801186331716,18.12,17.25,17.64109756097561,0.30742344152555334,18.06,15.18,0.0,0.0,0.0,0.0,47.915853658536584,7.921716638991353,144.0,39.0,47.27439024390244,8.19208216819475,142.0,39.0,43.47317073170732,8.894470834389569,140.0,33.0,-0.0886585365853656,0.17177065519362086,0.060000000000002274,-2.879999999999999,138.66341463414633,24.72913341805754,426.0,113.0,1.8000000000000007,,,,0.0,16.0,310.14209408489455,3.66
1,2026-02-02,8.522353455818022,0.24568494840704808,9.55,6.72,833.3989501312336,56.52505975833351,1041.0,578.0,390.7917760279965,24.535660503338416,419.0,233.0,312.8915135608049,26.963953165273647,349.0,168.0,16.755468066491687,0.22456676442683413,17.31,16.5,16.667279090113738,0.22568990933434865,17.18,16.37,0.0,0.0,0.0,0.0,63.265966754155734,33.89913887631678,141.0,17.0,65.4225721784777,34.44774333245348,144.0,21.0,60.51793525809274,36.50649946123967,145.0,17.0,-0.08818897637795242,0.04316253626546064,0.0,-0.1999999999999993,189.20647419072617,104.76047766853985,430.0,63.0,2.830000000000001,,,,,,312.8758670335356,2.4900000000000007
1,2026-02-03,8.798568064060293,0.42675939917646927,10.11,0.0,900.6062176165804,116.62090237939695,1140.0,419.0,377.60386245878476,24.764868327224608,405.0,221.0,337.02826189354687,47.67919373989385,527.0,168.0,17.75032972209138,1.2945861258070928,19.38,15.5,17.673593970796045,1.2953663665403896,19.31,15.37,0.0,0.0,0.0,0.0,96.47951012717851,41.14494653305067,144.0,13.0,99.55675930287329,41.742195568832784,148.0,29.0,93.26660386245878,44.49220829080925,150.0,23.0,-0.0767357512953369,0.08430700695390203,0.48999999999999844,-0.3200000000000003,289.3028732925106,127.26560249328837,441.0,66.0,10.11,0.0,16.0,0.0,,,321.2334210864099,4.913333333333334
1,2026-02-04,8.72019819193324,0.3449051726164725,10.27,7.59,1041.202364394993,128.83560164721152,1266.0,433.0,359.0069541029207,29.606602441776012,388.0,177.0,327.85917941585535,33.91109587635145,470.0,147.0,18.822715577190543,1.4634219684896572,20.81,16.94,18.746988873435328,1.473132211504394,20.68,16.81,0.0,0.0,0.0,0.0,83.35813630041724,42.301744725496505,148.0,36.0,87.62760778859527,41.750655992520215,149.0,40.0,79.7826842837274,45.26562829873311,151.0,30.0,-0.07572670375521559,0.07774737504675919,0.38000000000000256,-0.25,250.76842837273992,129.20112770176337,445.0,106.0,2.6799999999999997,0.0,17.0,0.0,0.0,16.0,325.92631829006905,5.206666666666667
1,2026-02-05,8.676019553072626,0.34047419363275144,10.04,5.19,1089.4958100558658,78.28596466329431,1574.0,172.0,359.6340782122905,29.39572175590001,403.0,116.0,378.42213687150837,79.04520748210973,711.0,113.0,21.02466131284916,1.4543581237212557,23.06,19.12,20.95411312849162,1.4713553154555807,23.06,19.06,0.0,0.0,0.0,0.0,81.03072625698324,43.03809689302868,145.0,29.0,85.33938547486034,42.6177730316378,148.0,28.0,78.09148044692738,45.43516463229147,147.0,23.0,-0.07054818435754177,0.06563278954467448,0.370000000000001,-0.1999999999999993,244.46159217877096,131.0079090102624,436.0,80.0,4.849999999999999,,,,0.0,17.0,347.76985939363686,5.879999999999999
1,2026-02-06,8.346806956521739,0.2786376339586274,9.71,7.49,1082.3979130434782,103.39266954352645,1261.0,626.0,364.896,33.36221732566901,460.0,189.0,371.6977391304348,34.70690649054543,514.0,190.0,21.54521043478261,0.4570571456693694,22.44,20.94,21.453610434782608,0.45519239078213375,22.37,20.87,0.0,0.0,0.0,0.0,76.22052173913043,41.04546331665293,144.0,36.0,79.09460869565217,41.8726997890653,150.0,36.0,73.23026086956521,44.33178023492423,151.0,28.0,-0.09159999999999985,0.04181694541866409,0.060000000000002274,-0.26000000000000156,228.54539130434782,127.15219023012672,445.0,100.0,2.2200000000000006,0.0,16.0,0.0,,,359.3263518059328,3.25
1,2026-02-07,8.661342608695652,0.4164162716787969,10.36,7.6,1075.6768695652174,78.2351006352503,1301.0,778.0,342.48208695652175,26.321666774368243,391.0,177.0,343.5133913043478,46.84659455993776,535.0,144.0,19.446083478260867,0.964528272131079,21.0,17.12,19.34894260869565,0.9774819925531429,20.87,17.06,0.0,0.0,0.0,0.0,78.52208695652173,47.8963206538618,155.0,20.0,85.51165217391305,44.71112085757918,161.0,35.0,77.85565217391304,47.54045669578157,170.0,25.0,-0.09714086956521728,0.05018094589073873,0.18999999999999773,-0.25,241.88939130434784,139.77437185190743,473.0,82.0,2.76,0.0,17.0,0.0,0.0,16.0,364.5444224354303,3.276666666666666
1,2026-02-08,8.74564587525151,0.3233940181424157,10.08,7.8,919.7315895372234,135.16296296715356,1192.0,351.0,332.44748490945676,26.273661958578234,355.0,179.0,306.94688128772634,28.243000275202355,342.0,146.0,15.243754527162979,0.8958827073825645,17.19,12.81,15.135569416498994,0.9028895997507284,17.06,12.68,0.0,0.0,0.0,0.0,82.45150905432595,47.376959070218525,163.0,9.0,91.46519114688128,42.28249371753649,163.0,25.0,84.32032193158953,46.52108513583007,188.0,17.0,-0.1081851106639841,0.06447020198572322,0.3100000000000005,-0.3100000000000005,258.23702213279677,135.74450489609603,514.0,51.0,2.2800000000000002,0.0,0.0,0.0,0.0,17.0,340.7193372408363,2.4200000000000004
1,2026-02-09,8.791626650660264,0.3007425163277589,10.04,7.76,1076.063025210084,111.87496340490405,1310.0,753.0,333.5858343337335,25.84316553015102,368.0,148.0,319.2022809123649,27.99325134600199,484.0,139.0,12.735060024009604,1.0060534627784465,15.88,11.81,12.67578631452581,1.0652873457832226,15.87,11.68,0.0,0.0,0.0,0.0,88.17707082833134,45.15266572069775,144.0,37.0,90.4969987995198,45.94681927182339,147.0,38.0,83.40336134453781,48.55473331028313,146.0,29.0,-0.05927370948379367,0.1086499771312255,0.6899999999999995,-0.2599999999999998,262.077430972389,139.61634478302778,437.0,105.0,2.2799999999999994,,,,0.0,0.0,323.22085116814634,2.44
